district_code,district_name,state_name,lat,lon,geocode_query
1,Anantnag,Jammu And Kashmir,33.8096849,75.2494527,"Anantnag district, Jammu And Kashmir, India"
2,Budgam,Jammu And Kashmir,33.9098746,74.6270357,"Budgam district, Jammu And Kashmir, India"
3,Baramulla,Jammu And Kashmir,34.1774032,74.3150048,"Baramulla district, Jammu And Kashmir, India"
4,Doda,Jammu And Kashmir,33.1341373,75.587915,"Doda district, Jammu And Kashmir, India"
5,Jammu,Jammu And Kashmir,32.7681864,74.9211318,"Jammu district, Jammu And Kashmir, India"
6,Kargil,Ladakh,33.802819,76.4730096,"Kargil district, Ladakh, India"
7,Kathua,Jammu And Kashmir,32.5825837,75.6104797,"Kathua district, Jammu And Kashmir, India"
8,Kupwara,Jammu And Kashmir,34.5140696,74.191367,"Kupwara district, Jammu And Kashmir, India"
9,Leh Ladakh,Ladakh,34.1527738,77.5756127,"Leh Ladakh district, Ladakh, India"
10,Poonch,Jammu And Kashmir,33.702939,74.2499015,"Poonch district, Jammu And Kashmir, India"
11,Pulwama,Jammu And Kashmir,33.9490472,75.0418335,"Pulwama district, Jammu And Kashmir, India"
12,Rajouri,Jammu And Kashmir,33.2663678,74.343847,"Rajouri district, Jammu And Kashmir, India"
13,Srinagar,Jammu And Kashmir,34.1178785,74.9659189,"Srinagar district, Jammu And Kashmir, India"
14,Udhampur,Jammu And Kashmir,32.911964,75.3265845,"Udhampur district, Jammu And Kashmir, India"
15,Bilaspur,Himachal Pradesh,31.3380959,76.7611631,"Bilaspur district, Himachal Pradesh, India"
16,Chamba,Himachal Pradesh,32.6923316,76.1631552,"Chamba district, Himachal Pradesh, India"
17,Hamirpur,Himachal Pradesh,31.6539866,76.5403633,"Hamirpur district, Himachal Pradesh, India"
18,Kangra,Himachal Pradesh,32.0768665,76.2985872,"Kangra district, Himachal Pradesh, India"
19,Kinnaur,Himachal Pradesh,31.593013,78.3281417,"Kinnaur district, Himachal Pradesh, India"
20,Kullu,Himachal Pradesh,31.8778325,77.4495659,"Kullu district, Himachal Pradesh, India"
21,Lahaul And Spiti,Himachal Pradesh,32.5015861,77.5789891,"Lahaul And Spiti district, Himachal Pradesh, India"
22,Mandi,Himachal Pradesh,31.6516617,77.0092542,"Mandi district, Himachal Pradesh, India"
23,Shimla,Himachal Pradesh,31.2387672,77.7185684,"Shimla district, Himachal Pradesh, India"
24,Sirmaur,Himachal Pradesh,30.6991321,77.4465304,"Sirmaur district, Himachal Pradesh, India"
25,Solan,Himachal Pradesh,31.0568119,76.850301,"Solan district, Himachal Pradesh, India"
26,Una,Himachal Pradesh,31.5834642,76.2351452,"Una district, Himachal Pradesh, India"
27,Amritsar,Punjab,31.7685759,74.8315603,"Amritsar district, Punjab, India"
28,Bathinda,Punjab,30.1794814,75.0471098,"Bathinda district, Punjab, India"
29,Faridkot,Punjab,30.6014507,74.7950176,"Faridkot district, Punjab, India"
30,Fatehgarh Sahib,Punjab,30.6634042,76.3803,"Fatehgarh Sahib district, Punjab, India"
31,Ferozepur,Punjab,30.8978718,75.8161212,"Ferozepur district, Punjab, India"
32,Gurdaspur,Punjab,31.9037264,75.2275587,"Gurdaspur district, Punjab, India"
33,Hoshiarpur,Punjab,31.6092942,75.8459754,"Hoshiarpur district, Punjab, India"
34,Jalandhar,Punjab,31.2922312,75.5678878,"Jalandhar district, Punjab, India"
35,Kapurthala,Punjab,31.3856476,75.3053304,"Kapurthala district, Punjab, India"
36,Ludhiana,Punjab,30.789407,75.8269724,"Ludhiana district, Punjab, India"
37,Mansa,Punjab,29.8764133,75.4889564,"Mansa district, Punjab, India"
38,Moga,Punjab,30.7877554,75.159359,"Moga district, Punjab, India"
39,Sri Muktsar Sahib,Punjab,30.2867162,74.5262234,"Sri Muktsar Sahib district, Punjab, India"
40,Shahid Bhagat Singh Nagar,Punjab,31.126969,76.1598988,"Nawanshahr, Punjab, India (alias)"
41,Patiala,Punjab,30.2092778,76.3397231,"Patiala district, Punjab, India"
42,Rupnagar,Punjab,31.0917102,76.5289701,"Rupnagar district, Punjab, India"
43,Sangrur,Punjab,30.135717,75.8533326,"Sangrur district, Punjab, India"
44,Chandigarh,Chandigarh,30.729844,76.7841457,"Chandigarh district, Chandigarh, India"
45,Almora,Uttarakhand,29.702651,79.4326318,"Almora district, Uttarakhand, India"
46,Bageshwar,Uttarakhand,30.0087902,79.9280183,"Bageshwar district, Uttarakhand, India"
47,Chamoli,Uttarakhand,30.4985956,79.6190537,"Chamoli district, Uttarakhand, India"
48,Champawat,Uttarakhand,29.235032,80.1023068,"Champawat district, Uttarakhand, India"
49,Dehradun,Uttarakhand,30.4998157,77.8625457,"Dehradun district, Uttarakhand, India"
50,Haridwar,Uttarakhand,29.9123514,78.0087178,"Haridwar district, Uttarakhand, India"
51,Nainital,Uttarakhand,29.294995,79.4162511,"Nainital district, Uttarakhand, India"
52,Pauri Garhwal,Uttarakhand,29.8473168,78.7070479,"Pauri Garhwal district, Uttarakhand, India"
53,Pithoragarh,Uttarakhand,30.1264975,80.4816989,"Pithoragarh district, Uttarakhand, India"
54,Rudraprayag,Uttarakhand,30.4915835,79.0366067,"Rudraprayag district, Uttarakhand, India"
55,Tehri Garhwal,Uttarakhand,30.4658181,78.4837349,"Tehri Garhwal district, Uttarakhand, India"
56,Udham Singh Nagar,Uttarakhand,29.0478314,79.4326164,"Udham Singh Nagar district, Uttarakhand, India"
57,Uttarkashi,Uttarakhand,30.9635733,78.6362521,"Uttarkashi district, Uttarakhand, India"
58,Ambala,Haryana,30.3435002,76.9493554,"Ambala district, Haryana, India"
59,Bhiwani,Haryana,28.7328101,75.8928296,"Bhiwani district, Haryana, India"
60,Faridabad,Haryana,28.3568524,77.3264937,"Faridabad district, Haryana, India"
61,Fatehabad,Haryana,29.5359209,75.5752901,"Fatehabad district, Haryana, India"
62,Gurugram,Haryana,28.4492944,77.0306587,"Gurugram district, Haryana, India"
63,Hisar,Haryana,29.2396596,75.8174505,"Hisar district, Haryana, India"
64,Jhajjar,Haryana,28.5964461,76.6505366,"Jhajjar district, Haryana, India"
65,Jind,Haryana,29.4494987,76.3736217,"Jind district, Haryana, India"
66,Kaithal,Haryana,29.8536764,76.4684323,"Kaithal district, Haryana, India"
67,Karnal,Haryana,29.7255766,76.9106924,"Karnal district, Haryana, India"
68,Kurukshetra,Haryana,30.0606702,76.7631053,"Kurukshetra district, Haryana, India"
69,Mahendragarh,Haryana,28.1326971,76.1697448,"Mahendragarh district, Haryana, India"
70,Panchkula,Haryana,30.689535,76.9947922,"Panchkula district, Haryana, India"
71,Panipat,Haryana,29.3472909,76.8871622,"Panipat district, Haryana, India"
72,Rewari,Haryana,28.2180521,76.5816859,"Rewari district, Haryana, India"
73,Rohtak,Haryana,28.8900602,76.5873106,"Rohtak district, Haryana, India"
74,Sirsa,Haryana,29.6063041,74.9036568,"Sirsa district, Haryana, India"
75,Sonipat,Haryana,29.0414186,76.922715,"Sonipat district, Haryana, India"
76,Yamunanagar,Haryana,30.2158611,77.3256507,"Yamunanagar district, Haryana, India"
86,Ajmer,Rajasthan,26.3318872,74.7169752,"Ajmer district, Rajasthan, India"
87,Alwar,Rajasthan,27.4140049,76.6170387,"Alwar district, Rajasthan, India"
88,Banswara,Rajasthan,23.4915047,74.3502172,"Banswara district, Rajasthan, India"
89,Baran,Rajasthan,24.9208165,76.6821985,"Baran district, Rajasthan, India"
90,Barmer,Rajasthan,25.5814853,71.1924922,"Barmer district, Rajasthan, India"
91,Bharatpur,Rajasthan,27.0246959,77.2920116,"Bharatpur district, Rajasthan, India"
92,Bhilwara,Rajasthan,25.470994,74.6961316,"Bhilwara district, Rajasthan, India"
93,Bikaner,Rajasthan,28.1161617,73.110567,"Bikaner district, Rajasthan, India"
94,Bundi,Rajasthan,25.4367659,75.7361471,"Bundi district, Rajasthan, India"
95,Chittorgarh,Rajasthan,24.7171578,74.4718129,"Chittorgarh district, Rajasthan, India"
96,Churu,Rajasthan,28.2047781,74.6912996,"Churu district, Rajasthan, India"
97,Dausa,Rajasthan,26.8048659,76.4437457,"Dausa district, Rajasthan, India"
98,Dholpur,Rajasthan,26.7010642,77.896749,"Dholpur district, Rajasthan, India"
99,Dungarpur,Rajasthan,23.6723053,73.8166419,"Dungarpur district, Rajasthan, India"
100,Ganganagar,Rajasthan,29.5,74.0,"Ganganagar district, Rajasthan, India"
101,Hanumangarh,Rajasthan,29.3659533,74.298429,"Hanumangarh district, Rajasthan, India"
102,Jaipur,Rajasthan,26.9784335,75.7122089,"Jaipur district, Rajasthan, India"
103,Jaisalmer,Rajasthan,27.0264162,70.777512,"Jaisalmer district, Rajasthan, India"
104,Jalore,Rajasthan,25.2093482,72.3178889,"Jalore district, Rajasthan, India"
105,Jhalawar,Rajasthan,24.3132368,76.5221078,"Jhalawar district, Rajasthan, India"
106,Jhunjhunu,Rajasthan,28.0798944,75.5424211,"Jhunjhunu district, Rajasthan, India"
107,Jodhpur,Rajasthan,26.410532,72.9646645,"Jodhpur district, Rajasthan, India"
108,Karauli,Rajasthan,26.5158329,77.0565965,"Karauli district, Rajasthan, India"
109,Kota,Rajasthan,25.196683,76.0009687,"Kota district, Rajasthan, India"
110,Nagaur,Rajasthan,26.9873443,73.7389011,"Nagaur district, Rajasthan, India"
111,Pali,Rajasthan,25.4552211,73.419389,"Pali district, Rajasthan, India"
112,Rajsamand,Rajasthan,25.2892459,73.8241077,"Rajsamand district, Rajasthan, India"
113,Sawai Madhopur,Rajasthan,26.2290186,76.3043561,"Sawai Madhopur district, Rajasthan, India"
114,Sikar,Rajasthan,27.6624156,75.0279971,"Sikar district, Rajasthan, India"
115,Sirohi,Rajasthan,24.8114047,72.8300257,"Sirohi district, Rajasthan, India"
116,Tonk,Rajasthan,26.1223198,75.6632235,"Tonk district, Rajasthan, India"
117,Udaipur,Rajasthan,24.453502,73.4070437,"Udaipur district, Rajasthan, India"
118,Agra,Uttar Pradesh,27.0755504,77.8753832,"Agra district, Uttar Pradesh, India"
119,Aligarh,Uttar Pradesh,27.8761073,78.1358153,"Aligarh district, Uttar Pradesh, India"
120,Prayagraj,Uttar Pradesh,25.2793187,81.9034977,"Prayagraj district, Uttar Pradesh, India"
121,Ambedkar Nagar,Uttar Pradesh,26.4045941,82.6065154,"Ambedkar Nagar district, Uttar Pradesh, India"
122,Auraiya,Uttar Pradesh,26.6558215,79.5160757,"Auraiya district, Uttar Pradesh, India"
123,Azamgarh,Uttar Pradesh,26.023639,83.0293105,"Azamgarh district, Uttar Pradesh, India"
124,Baghpat,Uttar Pradesh,29.0374779,77.3062737,"Baghpat district, Uttar Pradesh, India"
125,Bahraich,Uttar Pradesh,27.7343823,81.47654,"Bahraich district, Uttar Pradesh, India"
126,Ballia,Uttar Pradesh,25.8749595,84.1210329,"Ballia district, Uttar Pradesh, India"
127,Balrampur,Uttar Pradesh,27.4476988,82.3956245,"Balrampur district, Uttar Pradesh, India"
128,Banda,Uttar Pradesh,25.4438537,80.5595237,"Banda district, Uttar Pradesh, India"
129,Bara Banki,Uttar Pradesh,26.9013312,81.2151601,"Bara Banki district, Uttar Pradesh, India"
130,Bareilly,Uttar Pradesh,28.4582345,79.4047452,"Bareilly district, Uttar Pradesh, India"
131,Basti,Uttar Pradesh,26.8387083,82.5350919,"Basti district, Uttar Pradesh, India"
132,Bijnor,Uttar Pradesh,29.4074203,78.4821406,"Bijnor district, Uttar Pradesh, India"
133,Budaun,Uttar Pradesh,28.116667,78.983333,"Budaun district, Uttar Pradesh, India"
134,Bulandshahr,Uttar Pradesh,28.3874073,77.9743805,"Bulandshahr district, Uttar Pradesh, India"
135,Chandauli,Uttar Pradesh,25.125695,83.2494601,"Chandauli district, Uttar Pradesh, India"
136,Chitrakoot,Uttar Pradesh,25.217139,81.1045927,"Chitrakoot district, Uttar Pradesh, India"
137,Deoria,Uttar Pradesh,26.4239911,83.7638578,"Deoria district, Uttar Pradesh, India"
138,Etah,Uttar Pradesh,27.5550357,78.5992221,"Etah district, Uttar Pradesh, India"
139,Etawah,Uttar Pradesh,26.7155629,79.0917098,"Etawah district, Uttar Pradesh, India"
140,Ayodhya,Uttar Pradesh,26.6382763,82.0585034,"Ayodhya district, Uttar Pradesh, India"
141,Farrukhabad,Uttar Pradesh,27.4362003,79.4894778,"Farrukhabad district, Uttar Pradesh, India"
142,Fatehpur,Uttar Pradesh,25.8348023,80.9154547,"Fatehpur district, Uttar Pradesh, India"
143,Firozabad,Uttar Pradesh,27.1941954,78.4604956,"Firozabad district, Uttar Pradesh, India"
144,Gautam Buddha Nagar,Uttar Pradesh,28.368716,77.5970121,"Gautam Buddha Nagar district, Uttar Pradesh, India"
145,Ghaziabad,Uttar Pradesh,28.7749966,77.4586967,"Ghaziabad district, Uttar Pradesh, India"
146,Ghazipur,Uttar Pradesh,25.6034863,83.5075888,"Ghazipur district, Uttar Pradesh, India"
147,Gonda,Uttar Pradesh,27.1103723,81.9238906,"Gonda district, Uttar Pradesh, India"
148,Gorakhpur,Uttar Pradesh,26.6677977,83.3642334,"Gorakhpur district, Uttar Pradesh, India"
149,Hamirpur,Uttar Pradesh,25.75,80.0,"Hamirpur district, Uttar Pradesh, India"
150,Hardoi,Uttar Pradesh,27.3369978,80.0998232,"Hardoi district, Uttar Pradesh, India"
151,Jalaun,Uttar Pradesh,26.1048633,79.3919136,"Jalaun district, Uttar Pradesh, India"
152,Jaunpur,Uttar Pradesh,25.7967065,82.4888992,"Jaunpur district, Uttar Pradesh, India"
153,Jhansi,Uttar Pradesh,25.529855,78.6527802,"Jhansi district, Uttar Pradesh, India"
154,Amroha,Uttar Pradesh,28.7952632,78.3436244,"Amroha district, Uttar Pradesh, India"
155,Kannauj,Uttar Pradesh,26.9986675,79.6927946,"Kannauj district, Uttar Pradesh, India"
156,Kanpur Dehat,Uttar Pradesh,26.4585639,79.8548052,"Kanpur Dehat district, Uttar Pradesh, India"
157,Kanpur Nagar,Uttar Pradesh,26.4410107,80.2652803,"Kanpur Nagar district, Uttar Pradesh, India"
158,Kaushambi,Uttar Pradesh,25.5342456,81.4493567,"Kaushambi district, Uttar Pradesh, India"
159,Kheri,Uttar Pradesh,28.116667,80.716667,"Kheri district, Uttar Pradesh, India"
160,Kushinagar,Uttar Pradesh,26.9242612,83.8324465,"Kushinagar district, Uttar Pradesh, India"
161,Lalitpur,Uttar Pradesh,24.6999688,78.51862,"Lalitpur district, Uttar Pradesh, India"
162,Lucknow,Uttar Pradesh,26.8312463,80.9174154,"Lucknow district, Uttar Pradesh, India"
163,Hathras,Uttar Pradesh,27.5724324,78.1116209,"Hathras district, Uttar Pradesh, India"
164,Mahrajganj,Uttar Pradesh,27.1837263,83.4917301,"Mahrajganj district, Uttar Pradesh, India"
165,Mahoba,Uttar Pradesh,25.3615938,79.706011,"Mahoba district, Uttar Pradesh, India"
166,Mainpuri,Uttar Pradesh,27.2093072,79.0625369,"Mainpuri district, Uttar Pradesh, India"
167,Mathura,Uttar Pradesh,27.633333,77.583333,"Mathura district, Uttar Pradesh, India"
168,Mau,Uttar Pradesh,26.0390905,83.4985846,"Mau district, Uttar Pradesh, India"
169,Meerut,Uttar Pradesh,29.0018557,77.7679671,"Meerut district, Uttar Pradesh, India"
170,Mirzapur,Uttar Pradesh,24.9316896,82.6280163,"Mirzapur district, Uttar Pradesh, India"
171,Moradabad,Uttar Pradesh,28.8796553,78.8095335,"Moradabad district, Uttar Pradesh, India"
172,Muzaffarnagar,Uttar Pradesh,29.4496979,77.7429333,"Muzaffarnagar district, Uttar Pradesh, India"
173,Pilibhit,Uttar Pradesh,28.4947158,80.1076122,"Pilibhit district, Uttar Pradesh, India"
174,Pratapgarh,Uttar Pradesh,25.75,81.75,"Pratapgarh district, Uttar Pradesh, India"
175,Rae Bareli,Uttar Pradesh,26.25,81.25,"Rae Bareli district, Uttar Pradesh, India"
176,Rampur,Uttar Pradesh,28.7934728,79.1845806,"Rampur district, Uttar Pradesh, India"
177,Saharanpur,Uttar Pradesh,29.9856799,77.5040646,"Saharanpur district, Uttar Pradesh, India"
178,Sant Kabir Nagar,Uttar Pradesh,26.755082,83.0398545,"Sant Kabir Nagar district, Uttar Pradesh, India"
179,Bhadohi,Uttar Pradesh,25.3627897,82.6846939,"Bhadohi district, Uttar Pradesh, India"
180,Shahjahanpur,Uttar Pradesh,27.9128583,79.7476254,"Shahjahanpur district, Uttar Pradesh, India"
181,Shrawasti,Uttar Pradesh,27.5083429,82.0263569,"Shravasti, Uttar Pradesh, India (alias)"
182,Siddharthnagar,Uttar Pradesh,27.2511724,82.8716528,"Siddharthnagar district, Uttar Pradesh, India"
183,Sitapur,Uttar Pradesh,27.5026748,80.8335139,"Sitapur district, Uttar Pradesh, India"
184,Sonbhadra,Uttar Pradesh,24.4148159,83.0637517,"Sonbhadra district, Uttar Pradesh, India"
185,Sultanpur,Uttar Pradesh,26.2604732,82.2380532,"Sultanpur district, Uttar Pradesh, India"
186,Unnao,Uttar Pradesh,26.5673264,80.6198193,"Unnao district, Uttar Pradesh, India"
187,Varanasi,Uttar Pradesh,25.3719338,82.9414272,"Varanasi district, Uttar Pradesh, India"
188,Araria,Bihar,26.2651013,87.3699437,"Araria district, Bihar, India"
189,Aurangabad,Bihar,24.8033201,84.4110198,"Aurangabad district, Bihar, India"
190,Banka,Bihar,24.8328273,86.8161114,"Banka district, Bihar, India"
191,Begusarai,Bihar,25.5125411,86.0883392,"Begusarai district, Bihar, India"
192,Bhagalpur,Bihar,25.2861354,87.1304229,"Bhagalpur district, Bihar, India"
193,Bhojpur,Bihar,25.4501182,84.5635193,"Bhojpur district, Bihar, India"
194,Buxar,Bihar,25.5044834,84.1097525,"Buxar district, Bihar, India"
195,Darbhanga,Bihar,26.0829899,86.0324951,"Darbhanga district, Bihar, India"
196,Gaya,Bihar,24.679389,85.0115833,"Gaya district, Bihar, India"
197,Gopalganj,Bihar,26.4211166,84.3739133,"Gopalganj district, Bihar, India"
198,Jamui,Bihar,24.7562514,86.3011128,"Jamui district, Bihar, India"
199,Jehanabad,Bihar,25.1529579,85.0065043,"Jehanabad district, Bihar, India"
200,Kaimur (Bhabua),Bihar,25.0398678,83.6085775,"Kaimur (Bhabua) district, Bihar, India"
201,Katihar,Bihar,25.5586421,87.6457196,"Katihar district, Bihar, India"
202,Khagaria,Bihar,25.4930513,86.6982264,"Khagaria district, Bihar, India"
203,Kishanganj,Bihar,26.2984144,87.9466715,"Kishanganj district, Bihar, India"
204,Lakhisarai,Bihar,25.1543938,86.1744959,"Lakhisarai district, Bihar, India"
205,Madhepura,Bihar,25.7806118,86.9364753,"Madhepura district, Bihar, India"
206,Madhubani,Bihar,26.3503076,86.2296424,"Madhubani district, Bihar, India"
207,Munger,Bihar,25.2202864,86.5161484,"Munger district, Bihar, India"
208,Muzaffarpur,Bihar,26.1482548,85.3316097,"Muzaffarpur district, Bihar, India"
209,Nalanda,Bihar,25.211599,85.4484611,"Nalanda district, Bihar, India"
210,Nawada,Bihar,24.8173249,85.5179085,"Nawada district, Bihar, India"
211,Pashchim Champaran,Bihar,27.0,84.5,"Pashchim Champaran district, Bihar, India"
212,Patna,Bihar,25.4680538,85.1952852,"Patna district, Bihar, India"
213,Purbi Champaran,Bihar,26.6465969,84.9091552,"Purbi Champaran district, Bihar, India"
214,Purnia,Bihar,25.7758723,87.4087667,"Purnia district, Bihar, India"
215,Rohtas,Bihar,24.9394143,84.0197031,"Rohtas district, Bihar, India"
216,Saharsa,Bihar,25.8330757,86.6143751,"Saharsa district, Bihar, India"
217,Samastipur,Bihar,25.7747885,85.8672314,"Samastipur district, Bihar, India"
218,Saran,Bihar,25.9214451,84.7759731,"Saran district, Bihar, India"
219,Sheikhpura,Bihar,25.1250741,85.8160771,"Sheikhpura district, Bihar, India"
220,Sheohar,Bihar,26.4934234,85.2717561,"Sheohar district, Bihar, India"
221,Sitamarhi,Bihar,26.5712894,85.6001549,"Sitamarhi district, Bihar, India"
222,Siwan,Bihar,26.131008,84.3910745,"Siwan district, Bihar, India"
223,Supaul,Bihar,26.2768089,86.7959614,"Supaul district, Bihar, India"
224,Vaishali,Bihar,25.7491703,85.3972164,"Vaishali district, Bihar, India"
225,Gangtok,Sikkim,27.3257345,88.6983549,"Gangtok district, Sikkim, India"
226,Mangan,Sikkim,27.7497442,88.5212055,"Mangan district, Sikkim, India"
227,Namchi,Sikkim,27.3031019,88.3785961,"Namchi district, Sikkim, India"
228,Gyalshing,Sikkim,27.4185174,88.1808338,"Gyalshing district, Sikkim, India"
229,Changlang,Arunachal Pradesh,27.2698797,96.0602442,"Changlang district, Arunachal Pradesh, India"
230,Dibang Valley,Arunachal Pradesh,28.8291044,95.9554096,"Dibang Valley district, Arunachal Pradesh, India"
231,East Kameng,Arunachal Pradesh,27.557781,93.0753012,"East Kameng district, Arunachal Pradesh, India"
232,East Siang,Arunachal Pradesh,28.0742219,95.4178149,"East Siang district, Arunachal Pradesh, India"
233,Kurung Kumey,Arunachal Pradesh,27.9863677,93.1578347,"Kurung Kumey district, Arunachal Pradesh, India"
234,Lohit,Arunachal Pradesh,28.0350162,96.1713515,"Lohit district, Arunachal Pradesh, India"
235,Lower Dibang Valley,Arunachal Pradesh,28.2149563,95.878774,"Lower Dibang Valley district, Arunachal Pradesh, India"
236,Lower Subansiri,Arunachal Pradesh,27.6059753,93.8669707,"Lower Subansiri district, Arunachal Pradesh, India"
237,Papum Pare,Arunachal Pradesh,27.2863667,93.6187716,"Papum Pare district, Arunachal Pradesh, India"
238,Tawang,Arunachal Pradesh,27.6689525,91.9860059,"Tawang district, Arunachal Pradesh, India"
239,Tirap,Arunachal Pradesh,27.030169,95.4979175,"Tirap district, Arunachal Pradesh, India"
240,Upper Siang,Arunachal Pradesh,28.7312046,95.0377315,"Upper Siang district, Arunachal Pradesh, India"
241,Upper Subansiri,Arunachal Pradesh,28.2596054,94.0938106,"Upper Subansiri district, Arunachal Pradesh, India"
242,West Kameng,Arunachal Pradesh,27.2986936,92.4741211,"West Kameng district, Arunachal Pradesh, India"
243,West Siang,Arunachal Pradesh,28.1970922,94.48407,"West Siang district, Arunachal Pradesh, India"
244,Dimapur,Nagaland,25.9041378,93.7177609,"Dimapur district, Nagaland, India"
245,Kohima,Nagaland,25.7169804,94.0982194,"Kohima district, Nagaland, India"
246,Mokokchung,Nagaland,26.4795861,94.5105275,"Mokokchung district, Nagaland, India"
247,Mon,Nagaland,26.666667,95.0,"Mon district, Nagaland, India"
248,Phek,Nagaland,25.6700924,94.3843925,"Phek district, Nagaland, India"
249,Tuensang,Nagaland,26.2342107,94.741553,"Tuensang district, Nagaland, India"
250,Wokha,Nagaland,26.242251,94.1921153,"Wokha district, Nagaland, India"
251,Zunheboto,Nagaland,26.0123803,94.5123719,"Zunheboto district, Nagaland, India"
252,Bishnupur,Manipur,24.5263926,93.800487,"Bishnupur district, Manipur, India"
253,Chandel,Manipur,24.1700959,94.0059673,"Chandel district, Manipur, India"
254,Churachandpur,Manipur,24.3095833,93.675022,"Churachandpur district, Manipur, India"
255,Imphal East,Manipur,24.8326698,94.0168859,"Imphal East district, Manipur, India"
256,Imphal West,Manipur,24.7590802,93.8617365,"Imphal West district, Manipur, India"
257,Senapati,Manipur,25.3933697,94.1501773,"Senapati district, Manipur, India"
258,Tamenglong,Manipur,25.0648711,93.5465432,"Tamenglong district, Manipur, India"
259,Thoubal,Manipur,24.6203931,94.0104782,"Thoubal district, Manipur, India"
260,Ukhrul,Manipur,25.3121261,94.4754982,"Ukhrul district, Manipur, India"
261,Aizawl,Mizoram,23.8608788,92.864694,"Aizawl district, Mizoram, India"
262,Champhai,Mizoram,23.5443743,93.3479506,"Champhai district, Mizoram, India"
263,Kolasib,Mizoram,24.1905469,92.7136595,"Kolasib district, Mizoram, India"
264,Lawngtlai,Mizoram,22.3913377,92.7397189,"Lawngtlai district, Mizoram, India"
265,Lunglei,Mizoram,22.9519972,92.6336207,"Lunglei district, Mizoram, India"
266,Mamit,Mizoram,23.7564387,92.4515374,"Mamit district, Mizoram, India"
267,Siaha,Mizoram,22.4895876,92.9791567,"Siaha district, Mizoram, India"
268,Serchhip,Mizoram,23.3052514,92.8455124,"Serchhip district, Mizoram, India"
269,Dhalai,Tripura,23.8253158,91.9732227,"Dhalai district, Tripura, India"
270,North Tripura,Tripura,24.0921476,92.2451214,"North Tripura district, Tripura, India"
271,South Tripura,Tripura,23.1708278,91.638817,"South Tripura district, Tripura, India"
272,West Tripura,Tripura,23.9153329,91.3879341,"West Tripura district, Tripura, India"
273,East Garo Hills,Meghalaya,25.6184946,90.6342162,"East Garo Hills district, Meghalaya, India"
274,East Khasi Hills,Meghalaya,25.4023736,91.8317178,"East Khasi Hills district, Meghalaya, India"
275,West Jaintia Hills,Meghalaya,25.4425965,92.2988275,"West Jaintia Hills district, Meghalaya, India"
276,Ri Bhoi,Meghalaya,25.8764026,91.8567574,"Ri Bhoi district, Meghalaya, India"
277,South Garo Hills,Meghalaya,25.347969,90.5657773,"South Garo Hills district, Meghalaya, India"
278,West Garo Hills,Meghalaya,25.6065343,90.2038335,"West Garo Hills district, Meghalaya, India"
279,West Khasi Hills,Meghalaya,25.5814429,91.0851094,"West Khasi Hills district, Meghalaya, India"
280,Barpeta,Assam,26.345941,91.039708,"Barpeta district, Assam, India"
281,Bongaigaon,Assam,26.348883,90.6291434,"Bongaigaon district, Assam, India"
282,Cachar,Assam,24.75864,92.8816648,"Cachar district, Assam, India"
283,Darrang,Assam,26.4373481,92.0047145,"Darrang district, Assam, India"
284,Dhemaji,Assam,27.5945155,94.7192098,"Dhemaji district, Assam, India"
285,Dhubri,Assam,26.132275,90.1249962,"Dhubri district, Assam, India"
286,Dibrugarh,Assam,27.400599,94.9950865,"Dibrugarh district, Assam, India"
287,Goalpara,Assam,26.0491877,90.6001859,"Goalpara district, Assam, India"
288,Golaghat,Assam,26.3689557,94.0086553,"Golaghat district, Assam, India"
289,Hailakandi,Assam,24.5076094,92.6267589,"Hailakandi district, Assam, India"
290,Jorhat,Assam,26.6500766,94.2700644,"Jorhat district, Assam, India"
291,Kamrup,Assam,26.1468861,91.2227397,"Kamrup district, Assam, India"
292,Karbi Anglong,Assam,26.0712781,93.4552969,"Karbi Anglong district, Assam, India"
293,Sribhumi,Assam,24.8720002,92.3598937,"Sribhumi district, Assam, India"
294,Kokrajhar,Assam,26.4912104,90.1215209,"Kokrajhar district, Assam, India"
295,Lakhimpur,Assam,27.1763356,94.1992932,"Lakhimpur district, Assam, India"
296,Marigaon,Assam,26.290712,92.2922184,"Marigaon district, Assam, India"
297,Nagaon,Assam,26.3313646,92.7524763,"Nagaon district, Assam, India"
298,Nalbari,Assam,26.3533632,91.3983662,"Nalbari district, Assam, India"
299,Dima Hasao,Assam,25.4003625,93.0752292,"Dima Hasao district, Assam, India"
300,Sivasagar,Assam,26.993972,94.6203887,"Sivasagar district, Assam, India"
301,Sonitpur,Assam,26.7677707,92.7014089,"Sonitpur district, Assam, India"
302,Tinsukia,Assam,27.5971709,95.5668529,"Tinsukia district, Assam, India"
303,North 24 Parganas,West Bengal,22.6926815,88.6625795,"North 24 Parganas district, West Bengal, India"
304,South 24 Parganas,West Bengal,22.1776733,88.5307853,"South 24 Parganas district, West Bengal, India"
305,Bankura,West Bengal,23.132377,87.2081925,"Bankura district, West Bengal, India"
306,Purba Bardhaman,West Bengal,23.388517,87.9068097,"Purba Bardhaman district, West Bengal, India"
307,Birbhum,West Bengal,24.0621532,87.6982823,"Birbhum district, West Bengal, India"
308,Cooch Behar,West Bengal,26.2559197,89.4201143,"Cooch Behar district, West Bengal, India"
309,Darjeeling,West Bengal,26.8361645,88.3058878,"Darjeeling district, West Bengal, India"
310,Dakshin Dinajpur,West Bengal,25.385807,88.5063362,"Dakshin Dinajpur district, West Bengal, India"
311,Uttar Dinajpur,West Bengal,25.8721428,87.961986,"Uttar Dinajpur district, West Bengal, India"
312,Hooghly,West Bengal,22.9099402,88.0120825,"Hooghly district, West Bengal, India"
313,Howrah,West Bengal,22.4955651,88.0381478,"Howrah district, West Bengal, India"
314,Jalpaiguri,West Bengal,26.6262805,88.7334485,"Jalpaiguri district, West Bengal, India"
316,Malda,West Bengal,24.9268262,88.2574088,"Malda district, West Bengal, India"
317,Purba Medinipur,West Bengal,22.0648451,87.8377586,"Purba Medinipur district, West Bengal, India"
318,Paschim Medinipur,West Bengal,22.3600119,87.4111505,"Paschim Medinipur district, West Bengal, India"
319,Murshidabad,West Bengal,24.2904032,88.366432,"Murshidabad district, West Bengal, India"
320,Nadia,West Bengal,23.4847374,88.5567067,"Nadia district, West Bengal, India"
321,Purulia,West Bengal,23.2020967,86.3228988,"Purulia district, West Bengal, India"
322,Bokaro,Jharkhand,23.6991279,85.9910689,"Bokaro district, Jharkhand, India"
323,Chatra,Jharkhand,24.1062316,84.8623379,"Chatra district, Jharkhand, India"
324,Deoghar,Jharkhand,24.3284257,86.7182506,"Deoghar district, Jharkhand, India"
325,Dhanbad,Jharkhand,23.8451969,86.4636588,"Dhanbad district, Jharkhand, India"
326,Dumka,Jharkhand,24.3159312,87.2720833,"Dumka district, Jharkhand, India"
327,East Singhbum,Jharkhand,22.613184,86.3819399,"East Singhbhum, Jharkhand, India (alias)"
328,Garhwa,Jharkhand,24.053577,83.6526818,"Garhwa district, Jharkhand, India"
329,Giridih,Jharkhand,24.3314546,86.1548117,"Giridih district, Jharkhand, India"
330,Godda,Jharkhand,24.8645886,87.2984838,"Godda district, Jharkhand, India"
331,Gumla,Jharkhand,23.1603759,84.4599565,"Gumla district, Jharkhand, India"
332,Hazaribagh,Jharkhand,24.0866962,85.4912231,"Hazaribagh district, Jharkhand, India"
333,Jamtara,Jharkhand,23.9801639,86.9243637,"Jamtara district, Jharkhand, India"
334,Koderma,Jharkhand,24.4931239,85.5560811,"Koderma district, Jharkhand, India"
335,Latehar,Jharkhand,23.6880057,84.4969551,"Latehar district, Jharkhand, India"
336,Lohardaga,Jharkhand,23.4770044,84.6986684,"Lohardaga district, Jharkhand, India"
337,Pakur,Jharkhand,24.5325908,87.593232,"Pakur district, Jharkhand, India"
338,Palamu,Jharkhand,24.2212983,84.1725565,"Palamu district, Jharkhand, India"
339,Ranchi,Jharkhand,23.3007039,85.3738838,"Ranchi district, Jharkhand, India"
340,Sahebganj,Jharkhand,25.0320437,87.691764,"Sahebganj district, Jharkhand, India"
341,Saraikela Kharsawan,Jharkhand,22.7464225,85.9168929,"Saraikela Kharsawan district, Jharkhand, India"
342,Simdega,Jharkhand,22.5904573,84.5464805,"Simdega district, Jharkhand, India"
343,West Singhbhum,Jharkhand,22.4282857,85.5317483,"West Singhbhum district, Jharkhand, India"
344,Angul,Odisha,21.102538,84.9536825,"Angul district, Odisha, India"
345,Balangir,Odisha,20.6095183,83.1673029,"Balangir district, Odisha, India"
346,Balasore,Odisha,21.5044973,86.919144,"Balasore district, Odisha, India"
347,Bargarh,Odisha,21.2319922,83.5652737,"Bargarh district, Odisha, India"
348,Bhadrak,Odisha,20.9854052,86.5934226,"Bhadrak district, Odisha, India"
349,Boudh,Odisha,20.6407463,83.9969704,"Boudh district, Odisha, India"
350,Cuttack,Odisha,20.3700655,85.4697256,"Cuttack district, Odisha, India"
351,Deogarh,Odisha,21.5370786,84.7301184,"Deogarh district, Odisha, India"
352,Dhenkanal,Odisha,20.8351494,85.6022305,"Dhenkanal district, Odisha, India"
353,Gajapati,Odisha,19.1966026,84.1930634,"Gajapati district, Odisha, India"
354,Ganjam,Odisha,19.6090068,84.7080633,"Ganjam district, Odisha, India"
355,Jagatsinghapur,Odisha,20.1801473,86.3414874,"Jagatsinghapur district, Odisha, India"
356,Jajpur,Odisha,20.8746788,86.1215393,"Jajpur district, Odisha, India"
357,Jharsuguda,Odisha,21.8019368,83.9713964,"Jharsuguda district, Odisha, India"
358,Kalahandi,Odisha,19.8265757,83.0408702,"Kalahandi district, Odisha, India"
359,Kandhamal,Odisha,20.1306939,84.0790476,"Kandhamal district, Odisha, India"
360,Kendrapara,Odisha,20.5475164,86.5296168,"Kendrapara district, Odisha, India"
361,Keonjhar,Odisha,21.5,85.5,"Keonjhar district, Odisha, India"
362,Khordha,Odisha,20.0538149,85.5023308,"Khordha district, Odisha, India"
363,Koraput,Odisha,18.7232023,82.6100596,"Koraput district, Odisha, India"
364,Malkangiri,Odisha,18.2744685,81.9520316,"Malkangiri district, Odisha, India"
365,Mayurbhanj,Odisha,21.9156338,86.3961824,"Mayurbhanj district, Odisha, India"
366,Nabarangpur,Odisha,19.2288319,82.5668344,"Nabarangpur district, Odisha, India"
367,Nayagarh,Odisha,20.2393682,85.050728,"Nayagarh district, Odisha, India"
368,Nuapada,Odisha,20.5412657,82.5292352,"Nuapada district, Odisha, India"
369,Puri,Odisha,19.8343066,85.6853295,"Puri district, Odisha, India"
370,Rayagada,Odisha,19.4426698,83.5873053,"Rayagada district, Odisha, India"
371,Sambalpur,Odisha,21.5570606,84.1528515,"Sambalpur district, Odisha, India"
372,Sonepur,Odisha,20.8431294,83.9063454,"Sonepur district, Odisha, India"
373,Sundargarh,Odisha,22.0605153,83.9359154,"Sundargarh district, Odisha, India"
374,Bastar,Chhattisgarh,19.1191283,81.8291865,"Bastar district, Chhattisgarh, India"
375,Bilaspur,Chhattisgarh,22.1638486,82.1365923,"Bilaspur district, Chhattisgarh, India"
376,Dakshin Bastar Dantewada,Chhattisgarh,18.8640648,81.3833947,"Dantewada, Chhattisgarh, India (alias)"
377,Dhamtari,Chhattisgarh,20.5326259,81.7155987,"Dhamtari district, Chhattisgarh, India"
378,Durg,Chhattisgarh,21.1982964,81.4007922,"Durg district, Chhattisgarh, India"
379,Janjgir-Champa,Chhattisgarh,21.986403,82.5536606,"Janjgir-Champa district, Chhattisgarh, India"
380,Jashpur,Chhattisgarh,22.770251,83.9708013,"Jashpur district, Chhattisgarh, India"
381,Uttar Bastar Kanker,Chhattisgarh,20.1286893,80.98453,"Uttar Bastar Kanker district, Chhattisgarh, India"
382,Kabeerdham,Chhattisgarh,22.1150085,81.2446944,"Kabirdham, Chhattisgarh, India (alias)"
383,Korba,Chhattisgarh,22.5198217,82.6350029,"Korba district, Chhattisgarh, India"
384,Korea,Chhattisgarh,23.2382999,82.3906588,"Korea district, Chhattisgarh, India"
385,Mahasamund,Chhattisgarh,21.1922846,82.4890263,"Mahasamund district, Chhattisgarh, India"
386,Raigarh,Chhattisgarh,22.2361795,83.3529534,"Raigarh district, Chhattisgarh, India"
387,Raipur,Chhattisgarh,21.2809089,81.8164073,"Raipur district, Chhattisgarh, India"
388,Rajnandgaon,Chhattisgarh,21.0684425,80.7970779,"Rajnandgaon district, Chhattisgarh, India"
389,Surguja,Chhattisgarh,22.9470108,83.1656868,"Surguja district, Chhattisgarh, India"
390,Anuppur,Madhya Pradesh,23.0346179,81.7510255,"Anuppur district, Madhya Pradesh, India"
391,Ashoknagar,Madhya Pradesh,24.6186095,77.8786983,"Ashoknagar district, Madhya Pradesh, India"
392,Balaghat,Madhya Pradesh,21.8611589,80.3237105,"Balaghat district, Madhya Pradesh, India"
393,Barwani,Madhya Pradesh,21.7514248,74.8915957,"Barwani district, Madhya Pradesh, India"
394,Betul,Madhya Pradesh,21.8797472,77.8753651,"Betul district, Madhya Pradesh, India"
395,Bhind,Madhya Pradesh,26.3518828,78.6863189,"Bhind district, Madhya Pradesh, India"
396,Bhopal,Madhya Pradesh,23.4839759,77.3928507,"Bhopal district, Madhya Pradesh, India"
397,Burhanpur,Madhya Pradesh,21.334867,76.3708803,"Burhanpur district, Madhya Pradesh, India"
398,Chhatarpur,Madhya Pradesh,24.7606089,79.6781776,"Chhatarpur district, Madhya Pradesh, India"
399,Chhindwara,Madhya Pradesh,22.2071897,78.798833,"Chhindwara district, Madhya Pradesh, India"
400,Damoh,Madhya Pradesh,23.7981005,79.5419356,"Damoh district, Madhya Pradesh, India"
401,Datia,Madhya Pradesh,25.9182947,78.6644962,"Datia district, Madhya Pradesh, India"
402,Dewas,Madhya Pradesh,22.8057498,76.2940408,"Dewas district, Madhya Pradesh, India"
403,Dhar,Madhya Pradesh,22.5786572,75.2258637,"Dhar district, Madhya Pradesh, India"
404,Dindori,Madhya Pradesh,22.9070871,80.8846924,"Dindori district, Madhya Pradesh, India"
405,Khandwa (East Nimar),Madhya Pradesh,21.9769779,76.5675344,"Khandwa, Madhya Pradesh, India (alias)"
406,Guna,Madhya Pradesh,24.5001772,77.2600959,"Guna district, Madhya Pradesh, India"
407,Gwalior,Madhya Pradesh,26.0287495,78.1570654,"Gwalior district, Madhya Pradesh, India"
408,Harda,Madhya Pradesh,22.2427973,77.1179173,"Harda district, Madhya Pradesh, India"
409,Narmadapuram,Madhya Pradesh,22.6002833,77.9269848,"Narmadapuram district, Madhya Pradesh, India"
410,Indore,Madhya Pradesh,22.7108119,75.8076918,"Indore district, Madhya Pradesh, India"
411,Jabalpur,Madhya Pradesh,23.2230231,79.9825642,"Jabalpur district, Madhya Pradesh, India"
412,Jhabua,Madhya Pradesh,22.8869652,74.7243249,"Jhabua district, Madhya Pradesh, India"
413,Katni,Madhya Pradesh,23.7176393,80.2610181,"Katni district, Madhya Pradesh, India"
414,Khargone (West Nimar),Madhya Pradesh,21.825599,75.614182,"Khargone (West Nimar) district, Madhya Pradesh, India"
415,Mandla,Madhya Pradesh,22.6871074,80.5816341,"Mandla district, Madhya Pradesh, India"
416,Mandsaur,Madhya Pradesh,24.2628148,75.385692,"Mandsaur district, Madhya Pradesh, India"
417,Morena,Madhya Pradesh,26.3849794,77.8612721,"Morena district, Madhya Pradesh, India"
418,Narsimhapur,Madhya Pradesh,22.916667,79.166667,"Narsimhapur district, Madhya Pradesh, India"
419,Neemuch,Madhya Pradesh,24.6305517,75.1829,"Neemuch district, Madhya Pradesh, India"
420,Panna,Madhya Pradesh,24.4498931,80.1462723,"Panna district, Madhya Pradesh, India"
421,Raisen,Madhya Pradesh,23.2675909,78.1727134,"Raisen district, Madhya Pradesh, India"
422,Rajgarh,Madhya Pradesh,23.8716707,76.7744703,"Rajgarh district, Madhya Pradesh, India"
423,Ratlam,Madhya Pradesh,23.50222,74.9551534,"Ratlam district, Madhya Pradesh, India"
424,Rewa,Madhya Pradesh,24.7560846,81.3810574,"Rewa district, Madhya Pradesh, India"
425,Sagar,Madhya Pradesh,23.8083076,78.758254,"Sagar district, Madhya Pradesh, India"
426,Satna,Madhya Pradesh,24.6954445,80.7770348,"Satna district, Madhya Pradesh, India"
427,Sehore,Madhya Pradesh,23.1150041,77.0665356,"Sehore district, Madhya Pradesh, India"
428,Seoni,Madhya Pradesh,22.2748109,79.7202522,"Seoni district, Madhya Pradesh, India"
429,Shahdol,Madhya Pradesh,23.3002343,81.364771,"Shahdol district, Madhya Pradesh, India"
430,Shajapur,Madhya Pradesh,23.4171002,76.6074794,"Shajapur district, Madhya Pradesh, India"
431,Sheopur,Madhya Pradesh,25.7499267,76.9212945,"Sheopur district, Madhya Pradesh, India"
432,Shivpuri,Madhya Pradesh,25.3741215,77.8278866,"Shivpuri district, Madhya Pradesh, India"
433,Sidhi,Madhya Pradesh,24.2112687,81.7000415,"Sidhi district, Madhya Pradesh, India"
434,Tikamgarh,Madhya Pradesh,24.8552105,79.0472546,"Tikamgarh district, Madhya Pradesh, India"
435,Ujjain,Madhya Pradesh,23.2933285,75.6263115,"Ujjain district, Madhya Pradesh, India"
436,Umaria,Madhya Pradesh,23.6431837,80.9419078,"Umaria district, Madhya Pradesh, India"
437,Vidisha,Madhya Pradesh,23.8463004,77.8370209,"Vidisha district, Madhya Pradesh, India"
438,Ahmedabad,Gujarat,22.745539,72.2974907,"Ahmedabad district, Gujarat, India"
439,Amreli,Gujarat,21.4176122,71.249609,"Amreli district, Gujarat, India"
440,Anand,Gujarat,22.4739858,72.7361779,"Anand district, Gujarat, India"
441,Banas Kantha,Gujarat,24.25,72.5,"Banas Kantha district, Gujarat, India"
442,Bharuch,Gujarat,21.8357373,72.8820876,"Bharuch district, Gujarat, India"
443,Bhavnagar,Gujarat,21.5656705,71.9077622,"Bhavnagar district, Gujarat, India"
444,Dangs,Gujarat,20.75,73.75,"Dangs district, Gujarat, India"
445,Dahod,Gujarat,22.9194099,74.1342725,"Dahod district, Gujarat, India"
446,Gandhinagar,Gujarat,23.2819525,72.6536309,"Gandhinagar district, Gujarat, India"
447,Jamnagar,Gujarat,22.32997,70.1327524,"Jamnagar district, Gujarat, India"
448,Junagadh,Gujarat,21.3364779,70.4250428,"Junagadh district, Gujarat, India"
449,Kachchh,Gujarat,23.1174518,69.591417,"Kachchh district, Gujarat, India"
450,Kheda,Gujarat,22.8532503,72.9953586,"Kheda district, Gujarat, India"
451,Mahesana,Gujarat,23.5705467,72.4568752,"Mahesana district, Gujarat, India"
452,Narmada,Gujarat,21.7392624,73.6262458,"Narmada district, Gujarat, India"
453,Navsari,Gujarat,20.829714,73.0332342,"Navsari district, Gujarat, India"
454,Panch Mahals,Gujarat,23.0,74.0,"Panch Mahals district, Gujarat, India"
455,Patan,Gujarat,23.773753,71.6798581,"Patan district, Gujarat, India"
456,Porbandar,Gujarat,21.602975,69.8538067,"Porbandar district, Gujarat, India"
457,Rajkot,Gujarat,22.069288,71.0288686,"Rajkot district, Gujarat, India"
458,Sabar Kantha,Gujarat,23.5,73.25,"Sabar Kantha district, Gujarat, India"
459,Surat,Gujarat,21.1923647,72.9551023,"Surat district, Gujarat, India"
460,Surendranagar,Gujarat,22.8251395,71.6209736,"Surendranagar district, Gujarat, India"
461,Vadodara,Gujarat,22.3179455,73.3048674,"Vadodara district, Gujarat, India"
462,Valsad,Gujarat,20.4321957,73.1409893,"Valsad district, Gujarat, India"
463,Daman,The Dadra And Nagar Haveli And Daman And Diu,20.4169701,72.833173,"Daman, India (alias)"
464,Diu,The Dadra And Nagar Haveli And Daman And Diu,20.7137783,70.9853635,"Diu, India (alias)"
465,Dadra And Nagar Haveli,The Dadra And Nagar Haveli And Daman And Diu,20.2736768,73.0045787,"Silvassa, India (alias)"
466,Ahilyanagar,Maharashtra,19.1627725,74.8580243,"Ahilyanagar district, Maharashtra, India"
467,Akola,Maharashtra,20.7618122,77.1921157,"Akola district, Maharashtra, India"
468,Amravati,Maharashtra,21.1545412,77.6442962,"Amravati district, Maharashtra, India"
469,Chhatrapati Sambhajinagar,Maharashtra,20.0224932,75.1515442,"Chhatrapati Sambhajinagar district, Maharashtra, India"
470,Beed,Maharashtra,18.9918442,75.909784,"Beed district, Maharashtra, India"
471,Bhandara,Maharashtra,21.1225869,79.794509,"Bhandara district, Maharashtra, India"
472,Buldhana,Maharashtra,20.562845,76.4086986,"Buldhana district, Maharashtra, India"
473,Chandrapur,Maharashtra,20.0967555,79.5045475,"Chandrapur district, Maharashtra, India"
474,Dhule,Maharashtra,21.1305215,74.4900614,"Dhule district, Maharashtra, India"
475,Gadchiroli,Maharashtra,19.7590704,80.1622807,"Gadchiroli district, Maharashtra, India"
476,Gondia,Maharashtra,21.455228,80.1962729,"Gondia district, Maharashtra, India"
477,Hingoli,Maharashtra,19.5431163,77.1739432,"Hingoli district, Maharashtra, India"
478,Jalgaon,Maharashtra,20.8428827,75.5261246,"Jalgaon district, Maharashtra, India"
479,Jalna,Maharashtra,19.918833,75.8708599,"Jalna district, Maharashtra, India"
480,Kolhapur,Maharashtra,16.4626695,74.0894749,"Kolhapur district, Maharashtra, India"
481,Latur,Maharashtra,18.3553347,76.7548997,"Latur district, Maharashtra, India"
482,Mumbai,Maharashtra,19.0592671,72.861326,"Mumbai district, Maharashtra, India"
483,Mumbai Suburban,Maharashtra,19.1309844,72.8894618,"Mumbai Suburban district, Maharashtra, India"
484,Nagpur,Maharashtra,21.1529647,79.0145059,"Nagpur district, Maharashtra, India"
485,Nanded,Maharashtra,19.0942729,77.4832628,"Nanded district, Maharashtra, India"
486,Nandurbar,Maharashtra,21.5141622,74.5405513,"Nandurbar district, Maharashtra, India"
487,Nashik,Maharashtra,20.2254559,74.104233,"Nashik district, Maharashtra, India"
488,Dharashiv,Maharashtra,18.169844,76.1179632,"Dharashiv district, Maharashtra, India"
489,Parbhani,Maharashtra,19.2901981,76.6026443,"Parbhani district, Maharashtra, India"
490,Pune,Maharashtra,18.6448627,73.9224157,"Pune district, Maharashtra, India"
491,Raigad,Maharashtra,18.4928092,73.138071,"Raigad district, Maharashtra, India"
492,Ratnagiri,Maharashtra,17.2826079,73.4569787,"Ratnagiri district, Maharashtra, India"
493,Sangli,Maharashtra,17.1726928,74.5867654,"Sangli district, Maharashtra, India"
494,Satara,Maharashtra,17.6361289,74.2982781,"Satara district, Maharashtra, India"
495,Sindhudurg,Maharashtra,16.1357193,73.6522086,"Sindhudurg district, Maharashtra, India"
496,Solapur,Maharashtra,17.8499067,75.2763203,"Solapur district, Maharashtra, India"
497,Thane,Maharashtra,19.3653598,73.3685437,"Thane district, Maharashtra, India"
498,Wardha,Maharashtra,20.8256231,78.6131455,"Wardha district, Maharashtra, India"
499,Washim,Maharashtra,20.2874178,77.2369655,"Washim district, Maharashtra, India"
500,Yavatmal,Maharashtra,20.0638677,78.3565663,"Yavatmal district, Maharashtra, India"
501,Adilabad,Telangana,19.5457038,78.6086759,"Adilabad district, Telangana, India"
502,Ananthapuramu,Andhra Pradesh,14.0126989,78.4180222,"Ananthapuramu district, Andhra Pradesh, India"
503,Chittoor,Andhra Pradesh,13.325036,79.6480611,"Chittoor district, Andhra Pradesh, India"
504,Y.S.R. Kadapa,Andhra Pradesh,14.4607151,78.8237312,"Y.S.R. Kadapa district, Andhra Pradesh, India"
505,East Godavari,Andhra Pradesh,16.9956639,81.7154378,"East Godavari district, Andhra Pradesh, India"
506,Guntur,Andhra Pradesh,16.2853547,80.5686143,"Guntur district, Andhra Pradesh, India"
507,Hyderabad,Telangana,17.388786,78.4610647,"Hyderabad district, Telangana, India"
508,Karimnagar,Telangana,18.4075996,79.2182933,"Karimnagar district, Telangana, India"
509,Khammam,Telangana,17.1729189,80.4057537,"Khammam district, Telangana, India"
510,Krishna,Andhra Pradesh,16.2135466,81.0277844,"Krishna district, Andhra Pradesh, India"
511,Kurnool,Andhra Pradesh,15.5478804,77.554259,"Kurnool district, Andhra Pradesh, India"
512,Mahabubnagar,Telangana,16.6965686,77.9591146,"Mahabubnagar district, Telangana, India"
513,Medak,Telangana,17.9375095,78.211745,"Medak district, Telangana, India"
514,Nalgonda,Telangana,16.8579636,79.2174935,"Nalgonda district, Telangana, India"
515,Sri Potti Sriramulu Nellore,Andhra Pradesh,14.557001,79.7234781,"Sri Potti Sriramulu Nellore district, Andhra Pradesh, India"
516,Nizamabad,Telangana,18.7248422,78.1921833,"Nizamabad district, Telangana, India"
517,Prakasam,Andhra Pradesh,15.5641955,80.0066786,"Prakasam district, Andhra Pradesh, India"
518,Ranga Reddy,Telangana,17.1333954,78.3970979,"Ranga Reddy district, Telangana, India"
519,Srikakulam,Andhra Pradesh,18.622438,84.1443764,"Srikakulam district, Andhra Pradesh, India"
520,Visakhapatnam,Andhra Pradesh,17.8053222,83.2827677,"Visakhapatnam district, Andhra Pradesh, India"
521,Vizianagaram,Andhra Pradesh,18.2760018,83.4662692,"Vizianagaram district, Andhra Pradesh, India"
522,Warangal,Telangana,17.8675814,79.801947,"Warangal district, Telangana, India"
523,West Godavari,Andhra Pradesh,16.6443029,81.5885247,"West Godavari district, Andhra Pradesh, India"
524,Bagalkote,Karnataka,16.2903648,75.5915819,"Bagalkote district, Karnataka, India"
525,Bengaluru Urban,Karnataka,12.9461554,77.5503844,"Bengaluru Urban district, Karnataka, India"
526,Bengaluru Rural,Karnataka,13.247078,77.4914691,"Bengaluru Rural district, Karnataka, India"
527,Belagavi,Karnataka,16.1587846,74.888862,"Belagavi district, Karnataka, India"
528,Ballari,Karnataka,15.3483166,76.8054883,"Ballari district, Karnataka, India"
529,Bidar,Karnataka,18.0207297,77.2487204,"Bidar district, Karnataka, India"
530,Vijayapura,Karnataka,16.814415,75.8933856,"Vijayapura district, Karnataka, India"
531,Chamarajanagar,Karnataka,11.9544201,77.1069086,"Chamarajanagar district, Karnataka, India"
532,Chikkamagaluru,Karnataka,13.4058699,75.638758,"Chikkamagaluru district, Karnataka, India"
533,Chitradurga,Karnataka,14.3049174,76.5296667,"Chitradurga district, Karnataka, India"
534,Dakshina Kannada,Karnataka,12.8226434,75.2265036,"Dakshina Kannada district, Karnataka, India"
535,Davanagere,Karnataka,14.2558835,75.8303421,"Davanagere district, Karnataka, India"
536,Dharwad,Karnataka,15.3707296,75.1332867,"Dharwad district, Karnataka, India"
537,Gadag,Karnataka,15.416692,75.6815801,"Gadag district, Karnataka, India"
538,Kalaburagi,Karnataka,17.2408957,76.7697439,"Kalaburagi district, Karnataka, India"
539,Hassan,Karnataka,13.0301852,76.1744968,"Hassan district, Karnataka, India"
540,Haveri,Karnataka,14.7180268,75.3656423,"Haveri district, Karnataka, India"
541,Kodagu,Karnataka,12.3827332,75.6640715,"Kodagu district, Karnataka, India"
542,Kolar,Karnataka,13.1805066,78.2669329,"Kolar district, Karnataka, India"
543,Koppal,Karnataka,15.5748238,76.3118494,"Koppal district, Karnataka, India"
544,Mandya,Karnataka,12.6368939,76.7275477,"Mandya district, Karnataka, India"
545,Mysuru,Karnataka,12.1968318,76.6120468,"Mysuru district, Karnataka, India"
546,Raichur,Karnataka,16.0547194,76.9003647,"Raichur district, Karnataka, India"
547,Shivamogga,Karnataka,14.0556503,75.2380553,"Shivamogga district, Karnataka, India"
548,Tumakuru,Karnataka,13.4192512,76.8810004,"Tumakuru district, Karnataka, India"
549,Udupi,Karnataka,13.5269784,74.8731879,"Udupi district, Karnataka, India"
550,Uttara Kannada,Karnataka,14.7253795,74.6403389,"Uttara Kannada district, Karnataka, India"
551,North Goa,Goa,15.6038925,73.9967006,"North Goa district, Goa, India"
552,South Goa,Goa,15.3376121,73.9937035,"South Goa district, Goa, India"
554,Alappuzha,Kerala,9.5003416,76.4123364,"Alappuzha district, Kerala, India"
555,Ernakulam,Kerala,10.0383947,76.5074145,"Ernakulam district, Kerala, India"
556,Idukki,Kerala,9.8154785,76.9991599,"Idukki district, Kerala, India"
557,Kannur,Kerala,11.9863343,75.5479704,"Kannur district, Kerala, India"
558,Kasaragod,Kerala,12.4221964,75.1904446,"Kasaragod district, Kerala, India"
559,Kollam,Kerala,8.9674039,76.8585783,"Kollam district, Kerala, India"
560,Kottayam,Kerala,9.6287383,76.6455326,"Kottayam district, Kerala, India"
561,Kozhikode,Kerala,11.4655936,75.89194,"Kozhikode district, Kerala, India"
562,Malappuram,Kerala,11.1065685,76.1101742,"Malappuram district, Kerala, India"
563,Palakkad,Kerala,10.7873692,76.4742172,"Palakkad district, Kerala, India"
564,Pathanamthitta,Kerala,9.2780841,76.9737443,"Pathanamthitta district, Kerala, India"
565,Thiruvananthapuram,Kerala,8.5769705,77.0501246,"Thiruvananthapuram district, Kerala, India"
566,Thrissur,Kerala,10.4786969,76.2736512,"Thrissur district, Kerala, India"
567,Wayanad,Kerala,11.7151291,76.1271185,"Wayanad district, Kerala, India"
568,Chennai,Tamil Nadu,13.0439027,80.2210775,"Chennai district, Tamil Nadu, India"
569,Coimbatore,Tamil Nadu,10.8124445,77.0796084,"Coimbatore district, Tamil Nadu, India"
570,Cuddalore,Tamil Nadu,11.5202071,79.3396356,"Cuddalore district, Tamil Nadu, India"
571,Dharmapuri,Tamil Nadu,12.1456131,78.1132217,"Dharmapuri district, Tamil Nadu, India"
572,Dindigul,Tamil Nadu,10.4257161,77.8154728,"Dindigul district, Tamil Nadu, India"
573,Erode,Tamil Nadu,11.4905282,77.3505274,"Erode district, Tamil Nadu, India"
574,Kancheepuram,Tamil Nadu,12.88211,79.8063903,"Kancheepuram district, Tamil Nadu, India"
575,Kanniyakumari,Tamil Nadu,8.3279814,77.3541173,"Kanniyakumari district, Tamil Nadu, India"
576,Karur,Tamil Nadu,10.8217671,78.3828654,"Karur district, Tamil Nadu, India"
577,Krishnagiri,Tamil Nadu,12.5152075,78.0093769,"Krishnagiri district, Tamil Nadu, India"
578,Madurai,Tamil Nadu,9.9369266,78.007823,"Madurai district, Tamil Nadu, India"
579,Nagapattinam,Tamil Nadu,10.6026203,79.7619348,"Nagapattinam district, Tamil Nadu, India"
580,Namakkal,Tamil Nadu,11.3033889,78.118604,"Namakkal district, Tamil Nadu, India"
581,Perambalur,Tamil Nadu,11.2902641,78.9300404,"Perambalur district, Tamil Nadu, India"
582,Pudukkottai,Tamil Nadu,10.2903072,78.8173617,"Pudukkottai district, Tamil Nadu, India"
583,Ramanathapuram,Tamil Nadu,9.5205576,78.5184635,"Ramanathapuram district, Tamil Nadu, India"
584,Salem,Tamil Nadu,11.6469616,78.2106958,"Salem district, Tamil Nadu, India"
585,Sivaganga,Tamil Nadu,9.8671821,78.550483,"Sivaganga district, Tamil Nadu, India"
586,Thanjavur,Tamil Nadu,10.659037,79.2014278,"Thanjavur district, Tamil Nadu, India"
587,The Nilgiris,Tamil Nadu,11.4,76.7,"The Nilgiris district, Tamil Nadu, India"
588,Theni,Tamil Nadu,9.8692558,77.4222974,"Theni district, Tamil Nadu, India"
589,Thiruvallur,Tamil Nadu,13.2537619,80.0562572,"Thiruvallur district, Tamil Nadu, India"
590,Thiruvarur,Tamil Nadu,10.6878621,79.4979437,"Thiruvarur district, Tamil Nadu, India"
591,Tiruchirappalli,Tamil Nadu,10.8504608,78.724533,"Tiruchirappalli district, Tamil Nadu, India"
592,Tirunelveli,Tamil Nadu,8.5495014,77.5805178,"Tirunelveli district, Tamil Nadu, India"
593,Tiruvannamalai,Tamil Nadu,12.4289282,78.99915,"Tiruvannamalai district, Tamil Nadu, India"
594,Thoothukkudi,Tamil Nadu,8.7905224,78.1167832,"Thoothukkudi district, Tamil Nadu, India"
595,Vellore,Tamil Nadu,12.9021849,79.061104,"Vellore district, Tamil Nadu, India"
596,Viluppuram,Tamil Nadu,12.1166967,79.5989236,"Viluppuram district, Tamil Nadu, India"
597,Virudhunagar,Tamil Nadu,9.4926289,77.8631831,"Virudhunagar district, Tamil Nadu, India"
598,Karaikal,Puducherry,10.9156489,79.8069488,"Karaikal district, Puducherry, India"
600,Puducherry,Puducherry,11.9220116,79.7951365,"Puducherry district, Puducherry, India"
602,South Andamans,Andaman And Nicobar Islands,11.6645348,92.7390448,"Port Blair, India (alias)"
603,Nicobars,Andaman And Nicobar Islands,9.187057,92.7730136,"Car Nicobar, India (alias)"
604,Nuh,Haryana,27.9935177,77.0419634,"Nuh district, Haryana, India"
605,Barnala,Punjab,30.3716802,75.5039887,"Barnala district, Punjab, India"
606,Khunti,Jharkhand,22.9281801,85.2814475,"Khunti district, Jharkhand, India"
607,Ramgarh,Jharkhand,23.693479,85.5215989,"Ramgarh district, Jharkhand, India"
608,S.A.S Nagar,Punjab,30.7178072,76.6985062,"S.A.S Nagar district, Punjab, India"
609,Tarn Taran,Punjab,31.3212453,74.8416687,"Tarn Taran district, Punjab, India"
610,Ariyalur,Tamil Nadu,11.1530559,79.2585797,"Ariyalur district, Tamil Nadu, India"
611,Arwal,Bihar,25.1812832,84.6596648,"Arwal district, Bihar, India"
612,Chirang,Assam,26.6464231,90.624157,"Chirang district, Assam, India"
613,Peren,Nagaland,25.4499691,93.6001738,"Peren district, Nagaland, India"
614,Kiphire,Nagaland,25.8117088,94.8474036,"Kiphire district, Nagaland, India"
615,Longleng,Nagaland,26.5839315,94.8045481,"Longleng district, Nagaland, India"
616,Baksa,Assam,26.6275689,91.3388551,"Baksa district, Assam, India"
617,Udalguri,Assam,26.7047238,92.0421507,"Udalguri district, Assam, India"
618,Kamrup Metro,Assam,26.1161783,91.7972485,"Kamrup Metro, Assam, India"
619,Palwal,Haryana,28.0599426,77.3223422,"Palwal district, Haryana, India"
620,Kishtwar,Jammu And Kashmir,33.61562,75.8793972,"Kishtwar district, Jammu And Kashmir, India"
621,Ramban,Jammu And Kashmir,33.3332892,75.1984763,"Ramban district, Jammu And Kashmir, India"
622,Kulgam,Jammu And Kashmir,33.6250187,74.6949458,"Kulgam district, Jammu And Kashmir, India"
623,Bandipora,Jammu And Kashmir,34.2819952,74.462952,"Bandipora district, Jammu And Kashmir, India"
624,Samba,Jammu And Kashmir,32.5759118,75.1203446,"Samba district, Jammu And Kashmir, India"
625,Shopian,Jammu And Kashmir,33.7207837,74.7714244,"Shopian district, Jammu And Kashmir, India"
626,Ganderbal,Jammu And Kashmir,34.2889322,75.0407983,"Ganderbal district, Jammu And Kashmir, India"
627,Reasi,Jammu And Kashmir,33.2059909,74.8626794,"Reasi district, Jammu And Kashmir, India"
628,Anjaw,Arunachal Pradesh,28.155391,96.8407237,"Anjaw district, Arunachal Pradesh, India"
629,Pratapgarh,Rajasthan,24.0232221,74.6250275,"Pratapgarh district, Rajasthan, India"
630,Chikkaballapura,Karnataka,13.5897941,77.778793,"Chikkaballapura district, Karnataka, India"
631,Bengaluru South,Karnataka,12.720006,77.3184199,"Bengaluru South district, Karnataka, India"
632,North And Middle Andaman,Andaman And Nicobar Islands,12.6112387,92.8316541,"North And Middle Andaman district, Andaman And Nicobar Islands, India"
633,Kasganj,Uttar Pradesh,27.7888527,78.8229701,"Kasganj district, Uttar Pradesh, India"
634,Tiruppur,Tamil Nadu,10.7915267,77.5325466,"Tiruppur district, Tamil Nadu, India"
635,Yadgir,Karnataka,16.5744123,76.9254434,"Yadgir district, Karnataka, India"
636,Bijapur,Chhattisgarh,18.7935679,80.815939,"Bijapur district, Chhattisgarh, India"
637,Narayanpur,Chhattisgarh,19.5842032,81.1136986,"Narayanpur district, Chhattisgarh, India"
638,Singrauli,Madhya Pradesh,24.2431343,82.3827672,"Singrauli district, Madhya Pradesh, India"
639,Alirajpur,Madhya Pradesh,22.2859525,74.3545628,"Alirajpur district, Madhya Pradesh, India"
640,Amethi,Uttar Pradesh,26.346274,81.6252039,"Amethi district, Uttar Pradesh, India"
641,Tapi,Gujarat,21.1916567,73.5560631,"Tapi district, Gujarat, India"
642,Sukma,Chhattisgarh,18.2665423,81.2925234,"Sukma district, Chhattisgarh, India"
643,Kondagaon,Chhattisgarh,19.5885769,81.6628742,"Kondagaon district, Chhattisgarh, India"
644,Balodabazar-Bhatapara,Chhattisgarh,21.5731848,82.2994821,"Baloda Bazar, Chhattisgarh, India (alias)"
645,Gariyaband,Chhattisgarh,20.5267561,82.1917217,"Gariyaband district, Chhattisgarh, India"
646,Balod,Chhattisgarh,20.7277192,81.1446948,"Balod district, Chhattisgarh, India"
647,Mungeli,Chhattisgarh,22.0661098,81.6874282,"Mungeli district, Chhattisgarh, India"
648,Surajpur,Chhattisgarh,23.3577769,82.9761277,"Surajpur district, Chhattisgarh, India"
649,Balrampur-Ramanujganj,Chhattisgarh,23.616665,83.618798,"Balrampur-Ramanujganj district, Chhattisgarh, India"
650,Bemetara,Chhattisgarh,21.6783867,81.4412578,"Bemetara district, Chhattisgarh, India"
651,Fazilka,Punjab,30.3198406,74.1217943,"Fazilka district, Punjab, India"
652,Khowai,Tripura,23.9563913,91.642107,"Khowai district, Tripura, India"
653,Sepahijala,Tripura,23.6658005,91.3200275,"Sepahijala district, Tripura, India"
654,Gomati,Tripura,23.4278179,91.6149726,"Gomati district, Tripura, India"
655,Unakoti,Tripura,24.1909849,92.0460483,"Unakoti district, Tripura, India"
656,North Garo Hills,Meghalaya,25.8619841,90.7017705,"North Garo Hills district, Meghalaya, India"
657,East Jaintia Hills,Meghalaya,25.2515761,92.4840501,"East Jaintia Hills district, Meghalaya, India"
658,South West Khasi Hills,Meghalaya,25.3307221,91.3217388,"South West Khasi Hills district, Meghalaya, India"
659,Sambhal,Uttar Pradesh,28.4271928,78.5564546,"Sambhal district, Uttar Pradesh, India"
660,Shamli,Uttar Pradesh,29.4811508,77.2901344,"Shamli district, Uttar Pradesh, India"
661,Hapur,Uttar Pradesh,28.7166767,77.890433,"Hapur district, Uttar Pradesh, India"
662,Pathankot,Punjab,32.3021899,75.6589406,"Pathankot district, Punjab, India"
663,South West Garo Hills,Meghalaya,25.444631,89.9969655,"South West Garo Hills district, Meghalaya, India"
664,Alipurduar,West Bengal,26.6288169,89.4537824,"Alipurduar district, West Bengal, India"
665,Palghar,Maharashtra,19.757249,73.0931199,"Palghar district, Maharashtra, India"
666,Longding,Arunachal Pradesh,26.8794546,95.3155652,"Longding district, Arunachal Pradesh, India"
667,Agar-Malwa,Madhya Pradesh,23.935092,76.1449595,"Agar-Malwa district, Madhya Pradesh, India"
668,Chhotaudepur,Gujarat,22.2224345,73.7778749,"Chhota Udaipur, Gujarat, India (alias)"
669,Mahisagar,Gujarat,23.1912194,73.6644398,"Mahisagar district, Gujarat, India"
672,Arvalli,Gujarat,23.4634245,73.2990631,"Modasa, Gujarat, India (alias)"
673,Morbi,Gujarat,22.8003959,70.886232,"Morbi district, Gujarat, India"
674,Devbhumi Dwarka,Gujarat,22.2428993,68.9656446,"Devbhumi Dwarka district, Gujarat, India"
675,Gir Somnath,Gujarat,20.9298181,70.7627578,"Gir Somnath district, Gujarat, India"
676,Botad,Gujarat,22.0467097,71.6689617,"Botad district, Gujarat, India"
677,Kra Daadi,Arunachal Pradesh,27.9635418,93.7665654,"Kra Daadi district, Arunachal Pradesh, India"
678,Namsai,Arunachal Pradesh,27.7140306,96.0159709,"Namsai district, Arunachal Pradesh, India"
679,Siang,Arunachal Pradesh,28.477492,94.8165573,"Siang district, Arunachal Pradesh, India"
680,Nirmal,Telangana,19.091521,78.396609,"Nirmal district, Telangana, India"
681,Jagitial,Telangana,18.7908955,78.9118341,"Jagitial district, Telangana, India"
682,Peddapalli,Telangana,18.6206531,79.4950171,"Peddapalli district, Telangana, India"
683,Rajanna Sircilla,Telangana,18.452116,78.7645584,"Rajanna Sircilla district, Telangana, India"
684,Mancherial,Telangana,18.9812967,79.5198096,"Mancherial district, Telangana, India"
685,Kamareddy,Telangana,18.316551,78.0539381,"Kamareddy district, Telangana, India"
686,Hanumakonda,Telangana,18.032699,79.4283969,"Hanumakonda district, Telangana, India"
687,Jayashankar Bhupalapally,Telangana,18.5159872,79.9693966,"Jayashankar Bhupalapally district, Telangana, India"
688,Mahabubabad,Telangana,17.7138983,80.0413425,"Mahabubabad district, Telangana, India"
689,Jangoan,Telangana,17.71981,79.159451,"Jangoan district, Telangana, India"
690,Bhadradri Kothagudem,Telangana,17.7166633,80.5712609,"Bhadradri Kothagudem district, Telangana, India"
691,Sangareddy,Telangana,17.8684342,77.8227189,"Sangareddy district, Telangana, India"
692,Siddipet,Telangana,18.0055851,78.896113,"Siddipet district, Telangana, India"
693,Wanaparthy,Telangana,16.2852944,77.9864473,"Wanaparthy district, Telangana, India"
694,Nagarkurnool,Telangana,16.4157626,78.6830433,"Nagarkurnool district, Telangana, India"
695,Jogulamba Gadwal,Telangana,16.0999202,77.7341584,"Jogulamba Gadwal district, Telangana, India"
696,Suryapet,Telangana,17.0800139,79.792533,"Suryapet district, Telangana, India"
697,Yadadri Bhuvanagiri,Telangana,17.4281967,79.090491,"Yadadri Bhuvanagiri district, Telangana, India"
698,Vikarabad,Telangana,17.2702855,77.745297,"Vikarabad district, Telangana, India"
699,Kumuram Bheem Asifabad,Telangana,19.3338189,79.4219793,"Kumuram Bheem Asifabad district, Telangana, India"
700,Medchal Malkajgiri,Telangana,17.5349835,78.5246387,"Medchal Malkajgiri district, Telangana, India"
701,Charkhi Dadri,Haryana,28.6000997,76.1123707,"Charkhi Dadri district, Haryana, India"
702,Kalimpong,West Bengal,27.027877,88.647194,"Kalimpong district, West Bengal, India"
703,Jhargram,West Bengal,22.332417,86.9936688,"Jhargram district, West Bengal, India"
704,Paschim Bardhaman,West Bengal,23.6461884,87.1587969,"Paschim Bardhaman district, West Bengal, India"
705,Biswanath,Assam,26.7938596,93.3591936,"Biswanath district, Assam, India"
706,Majuli,Assam,27.0219529,94.327423,"Majuli district, Assam, India"
707,South Salmara Mancachar,Assam,25.6296326,89.9315938,"Mankachar, Assam, India (alias)"
708,Charaideo,Assam,27.0696859,95.0642272,"Charaideo district, Assam, India"
709,Hojai,Assam,25.9629402,92.981829,"Hojai district, Assam, India"
710,West Karbi Anglong,Assam,25.8529142,92.5875681,"West Karbi Anglong district, Assam, India"
718,Kamle,Arunachal Pradesh,27.7312325,94.0964663,"Kamle district, Arunachal Pradesh, India"
719,Lower Siang,Arunachal Pradesh,27.8006983,94.5650233,"Lower Siang district, Arunachal Pradesh, India"
720,Mulugu,Telangana,18.3145348,80.3458816,"Mulugu district, Telangana, India"
721,Narayanpet,Telangana,16.7005518,77.6164845,"Narayanpet district, Telangana, India"
722,Niwari,Madhya Pradesh,25.3123152,78.667564,"Niwari district, Madhya Pradesh, India"
723,Pakke Kessang,Arunachal Pradesh,27.1582856,93.1561502,"Pakke Kessang district, Arunachal Pradesh, India"
724,Leparada,Arunachal Pradesh,27.9831179,94.6879423,"Basar, Arunachal Pradesh, India (alias)"
725,Shi Yomi,Arunachal Pradesh,28.6851663,94.2367824,"Shi Yomi district, Arunachal Pradesh, India"
726,Hnahthial,Mizoram,22.9663656,93.0102645,"Hnahthial district, Mizoram, India"
727,Saitual,Mizoram,23.8128569,92.9727975,"Saitual district, Mizoram, India"
728,Khawzawl,Mizoram,23.4877894,93.1402943,"Khawzawl district, Mizoram, India"
729,Kallakurichi,Tamil Nadu,11.7946847,79.0388211,"Kallakurichi district, Tamil Nadu, India"
730,Chengalpattu,Tamil Nadu,12.6149934,80.0053801,"Chengalpattu district, Tamil Nadu, India"
731,Ranipet,Tamil Nadu,12.9186243,79.4081921,"Ranipet district, Tamil Nadu, India"
732,Tirupathur,Tamil Nadu,12.5858719,78.6313559,"Tirupathur district, Tamil Nadu, India"
733,Tenkasi,Tamil Nadu,9.0933908,77.4758373,"Tenkasi district, Tamil Nadu, India"
734,Gaurela-Pendra-Marwahi,Chhattisgarh,22.8313186,81.958966,"Gaurela-Pendra-Marwahi district, Chhattisgarh, India"
735,Mayiladuthurai,Tamil Nadu,11.1895598,79.69457,"Mayiladuthurai district, Tamil Nadu, India"
736,Noklak,Nagaland,26.1123947,95.0124041,"Noklak district, Nagaland, India"
737,Malerkotla,Punjab,30.5372203,75.9088832,"Malerkotla district, Punjab, India"
738,Vijayanagara,Karnataka,14.9428567,76.0448007,"Vijayanagara district, Karnataka, India"
741,Pakyong,Sikkim,27.228935,88.6471196,"Pakyong district, Sikkim, India"
742,Soreng,Sikkim,27.1901652,88.2006735,"Soreng district, Sikkim, India"
743,Parvathipuram Manyam,Andhra Pradesh,18.7514985,83.5487473,"Parvathipuram Manyam district, Andhra Pradesh, India"
744,Anakapalli,Andhra Pradesh,17.6715331,82.7747567,"Anakapalli district, Andhra Pradesh, India"
745,Alluri Sitharama Raju,Andhra Pradesh,18.0591962,82.6749006,"Alluri Sitharama Raju district, Andhra Pradesh, India"
746,Kakinada,Andhra Pradesh,17.120459,82.1842504,"Kakinada district, Andhra Pradesh, India"
747,Dr. B.R. Ambedkar Konaseema,Andhra Pradesh,16.6294048,82.081931,"Dr. B.R. Ambedkar Konaseema district, Andhra Pradesh, India"
748,Eluru,Andhra Pradesh,17.013798,81.0803354,"Eluru district, Andhra Pradesh, India"
749,Ntr,Andhra Pradesh,16.8169118,80.2502299,"Ntr district, Andhra Pradesh, India"
750,Bapatla,Andhra Pradesh,15.9344304,80.4505522,"Bapatla district, Andhra Pradesh, India"
751,Palnadu,Andhra Pradesh,16.3231038,79.6975049,"Palnadu district, Andhra Pradesh, India"
752,Tirupati,Andhra Pradesh,13.8891927,79.6730504,"Tirupati district, Andhra Pradesh, India"
753,Annamayya,Andhra Pradesh,13.7883575,78.6346286,"Annamayya district, Andhra Pradesh, India"
754,Sri Sathya Sai,Andhra Pradesh,14.1681806,77.9641188,"Sri Sathya Sai district, Andhra Pradesh, India"
755,Nandyal,Andhra Pradesh,15.5247879,78.4149396,"Nandyal district, Andhra Pradesh, India"
757,Tseminyu,Nagaland,25.9410368,94.1685474,"Tseminyu district, Nagaland, India"
758,Chumoukedima,Nagaland,25.808681,93.714867,"Chumoukedima district, Nagaland, India"
759,Khairagarh-Chhuikhadan-Gandai,Chhattisgarh,21.528849,80.9484326,"Khairagarh-Chhuikhadan-Gandai district, Chhattisgarh, India"
760,Manendragarh-Chirmiri-Bharatpur(M C B),Chhattisgarh,23.2167227,82.2035806,"Manendragarh, Chhattisgarh, India (alias)"
761,Mohla-Manpur-Ambagarh Chouki,Chhattisgarh,20.58197,80.743804,"Mohla, Chhattisgarh, India (alias)"
762,Sakti,Chhattisgarh,21.9243353,82.9650923,"Sakti district, Chhattisgarh, India"
763,Sarangarh-Bilaigarh,Chhattisgarh,21.5427809,83.1261357,"Sarangarh-Bilaigarh district, Chhattisgarh, India"
764,Niuland,Nagaland,25.8504955,93.9180019,"Niuland district, Nagaland, India"
765,Shamator,Nagaland,26.0714153,94.8745224,"Shamator district, Nagaland, India"
